,B_min,B_max,B_avg,S_min,S_max,S_avg,T_min,T_max,T_avg
minute,1,28,1.71012931,1,26,2.121900612,1,29,2.231354335
hour,1,61,18.5885798,1,96,29.94582723,4,131,48.53440703
date,244,636,437.7931034,350,1179,705.2758621,613,1782,1143.068966